latitude,longitude,elevation,utc_offset_seconds,timezone,timezone_abbreviation
-26.186293,28.026318,1749.0,7200,Africa/Johannesburg,GMT+2

time,weather_code (wmo code),temperature_2m_mean (°C),cloud_cover_mean (%),surface_pressure_mean (hPa),visibility_mean (undefined),wind_speed_10m_mean (km/h),relative_humidity_2m_mean (%),wind_direction_10m_dominant (°)
2022-01-01,3,18.7,46,830.4,NaN,17.9,73,329
2022-01-02,51,20.0,32,830.1,NaN,10.8,66,326
2022-01-03,3,19.2,39,830.0,NaN,13.5,67,339
2022-01-04,53,18.8,44,830.3,NaN,11.8,72,1
2022-01-05,63,19.5,38,830.9,NaN,9.8,69,315
2022-01-06,65,17.7,82,831.7,NaN,10.1,78,60
2022-01-07,63,17.8,73,832.1,NaN,9.2,81,27
2022-01-08,63,17.1,63,833.1,NaN,9.0,85,41
2022-01-09,61,17.2,45,831.5,NaN,8.9,77,35
2022-01-10,51,17.8,26,828.8,NaN,11.4,69,345
2022-01-11,63,18.3,57,828.8,NaN,7.6,77,266
2022-01-12,63,18.2,86,831.1,NaN,8.2,82,87
2022-01-13,63,18.3,59,832.5,NaN,9.1,81,80
2022-01-14,61,18.5,83,832.3,NaN,10.4,78,62
2022-01-15,63,17.5,95,830.9,NaN,10.0,85,38
2022-01-16,63,16.7,94,829.5,NaN,11.0,86,350
2022-01-17,55,16.4,79,830.0,NaN,8.1,89,11
2022-01-18,51,17.1,74,831.3,NaN,8.6,84,357
2022-01-19,61,18.0,74,832.0,NaN,7.7,82,148
2022-01-20,51,17.7,35,833.1,NaN,10.2,73,117
2022-01-21,0,18.1,1,833.4,NaN,13.4,59,119
2022-01-22,51,15.6,79,835.8,NaN,16.1,65,104
2022-01-23,3,15.2,41,835.7,NaN,15.4,63,100
2022-01-24,1,17.4,16,833.1,NaN,8.5,64,157
2022-01-25,3,20.2,42,831.4,NaN,11.0,56,133
2022-01-26,51,19.2,73,831.2,NaN,11.2,64,84
2022-01-27,53,18.7,95,830.6,NaN,9.7,74,64
2022-01-28,63,18.6,82,829.2,NaN,11.8,82,10
2022-01-29,61,17.2,86,830.5,NaN,12.7,85,72
2022-01-30,55,15.7,94,830.9,NaN,10.4,93,65
2022-01-31,51,17.5,86,830.5,NaN,11.9,78,23
2022-02-01,3,18.0,57,830.2,NaN,12.0,70,9
2022-02-02,3,19.2,11,829.8,NaN,11.3,68,352
2022-02-03,51,20.7,13,830.0,NaN,11.0,69,313
2022-02-04,65,18.5,72,830.8,NaN,9.8,84,137
2022-02-05,63,16.5,87,832.1,NaN,16.2,82,112
2022-02-06,53,17.2,37,832.9,NaN,17.0,69,109
2022-02-07,51,17.6,17,831.8,NaN,10.2,69,127
2022-02-08,63,17.6,30,829.8,NaN,8.7,76,196
2022-02-09,51,18.6,21,828.8,NaN,7.1,69,237
2022-02-10,61,19.1,23,830.0,NaN,6.7,62,140
2022-02-11,61,19.4,18,831.4,NaN,8.4,64,81
2022-02-12,3,19.6,19,832.8,NaN,10.3,43,24
2022-02-13,3,19.8,70,831.3,NaN,5.9,49,340
2022-02-14,51,20.3,67,831.6,NaN,12.4,56,90
2022-02-15,3,19.4,30,834.2,NaN,10.0,64,71
2022-02-16,53,19.5,34,833.0,NaN,8.2,69,274
2022-02-17,51,19.2,38,830.9,NaN,6.3,74,99
2022-02-18,51,17.5,58,831.3,NaN,9.2,82,19
2022-02-19,63,17.8,69,831.1,NaN,11.4,83,326
2022-02-20,51,19.3,19,829.8,NaN,9.6,67,215
2022-02-21,1,20.3,20,829.7,NaN,9.5,53,196
2022-02-22,61,18.8,14,830.2,NaN,7.9,62,31
2022-02-23,63,17.8,34,831.9,NaN,9.0,79,49
2022-02-24,51,19.3,12,831.1,NaN,10.0,61,68
2022-02-25,63,18.4,32,831.0,NaN,10.7,68,5
2022-02-26,61,18.5,24,832.0,NaN,11.0,70,358
2022-02-27,65,17.4,41,831.6,NaN,10.8,80,321
2022-02-28,61,17.8,55,830.8,NaN,9.6,79,323
2022-03-01,53,18.1,25,829.4,NaN,7.6,75,294
2022-03-02,51,17.9,43,829.5,NaN,9.2,80,343
2022-03-03,53,19.2,25,829.7,NaN,8.3,74,353
2022-03-04,51,19.3,65,829.6,NaN,12.1,73,343
2022-03-05,63,17.3,91,831.4,NaN,10.6,88,102
2022-03-06,51,16.8,31,831.8,NaN,12.1,73,57
2022-03-07,51,17.8,17,830.8,NaN,9.8,72,360
2022-03-08,53,18.2,77,830.6,NaN,10.3,73,166
2022-03-09,61,15.8,100,830.8,NaN,9.4,92,97
2022-03-10,61,17.3,68,831.7,NaN,6.1,87,135
2022-03-11,53,18.4,41,833.3,NaN,11.3,76,81
2022-03-12,51,18.0,38,831.2,NaN,6.7,73,65
2022-03-13,51,17.7,18,827.9,NaN,9.7,69,328
2022-03-14,61,17.1,67,827.3,NaN,12.0,77,318
2022-03-15,55,16.6,62,828.3,NaN,8.2,80,186
2022-03-16,61,14.3,82,829.1,NaN,11.2,87,72
2022-03-17,63,14.8,93,832.2,NaN,14.1,79,82
2022-03-18,3,15.3,57,834.2,NaN,8.6,72,93
2022-03-19,3,16.3,58,833.9,NaN,6.5,63,66
2022-03-20,3,16.7,49,833.0,NaN,8.5,58,27
2022-03-21,61,12.6,60,832.3,NaN,8.1,81,48
2022-03-22,51,14.8,17,832.5,NaN,6.8,72,7
2022-03-23,51,15.6,39,832.0,NaN,11.3,68,331
2022-03-24,51,16.4,45,829.0,NaN,12.8,66,292
2022-03-25,53,16.5,100,828.1,NaN,10.5,75,299
2022-03-26,63,15.7,77,829.3,NaN,7.2,83,318
2022-03-27,0,15.9,0,831.6,NaN,7.4,67,226
2022-03-28,3,15.8,48,834.1,NaN,10.3,72,355
2022-03-29,51,15.7,41,832.4,NaN,12.1,71,354
2022-03-30,3,16.2,22,831.1,NaN,8.4,59,328
2022-03-31,0,16.6,2,831.1,NaN,7.8,54,294
2022-04-01,3,16.2,21,830.8,NaN,11.2,62,330
2022-04-02,63,16.5,30,829.7,NaN,10.1,69,333
2022-04-03,53,15.2,66,828.5,NaN,14.3,84,11
2022-04-04,65,13.6,89,827.4,NaN,11.9,96,347
2022-04-05,51,15.0,55,828.5,NaN,9.7,81,316
2022-04-06,3,16.5,13,829.5,NaN,13.5,64,311
2022-04-07,3,13.3,38,830.5,NaN,8.7,51,187
2022-04-08,63,12.7,78,833.1,NaN,13.6,81,46
2022-04-09,61,11.1,100,833.2,NaN,18.5,90,38
2022-04-10,63,10.4,100,831.9,NaN,18.8,94,60
2022-04-11,63,12.1,61,831.7,NaN,12.7,87,42
2022-04-12,51,13.4,37,829.5,NaN,9.8,77,283
2022-04-13,51,14.2,34,826.7,NaN,10.4,69,237
2022-04-14,3,14.3,28,826.6,NaN,8.8,67,282
2022-04-15,3,15.6,13,829.7,NaN,10.4,60,332
2022-04-16,55,12.1,84,833.2,NaN,16.8,84,93
2022-04-17,63,11.0,99,832.9,NaN,14.2,91,57
2022-04-18,53,11.6,45,831.8,NaN,13.2,79,171
2022-04-19,3,11.0,35,833.7,NaN,15.9,73,122
2022-04-20,3,11.6,6,833.7,NaN,11.8,68,98
2022-04-21,3,13.1,24,832.5,NaN,5.5,70,243
2022-04-22,51,13.8,34,830.7,NaN,6.3,79,260
2022-04-23,51,13.8,28,829.2,NaN,9.8,82,351
2022-04-24,51,13.9,49,828.6,NaN,12.1,83,338
2022-04-25,63,13.3,46,829.4,NaN,10.7,72,248
2022-04-26,0,10.3,0,830.0,NaN,8.7,53,175
2022-04-27,0,9.4,0,831.6,NaN,9.6,57,66
2022-04-28,3,11.2,36,832.4,NaN,10.6,72,332
2022-04-29,51,12.7,14,830.5,NaN,11.3,68,275
2022-04-30,2,13.2,7,830.5,NaN,13.4,62,232
2022-05-01,3,11.9,18,834.4,NaN,7.7,62,127
2022-05-02,1,12.3,6,835.3,NaN,7.4,69,338
2022-05-03,1,13.1,10,834.6,NaN,9.0,63,253
2022-05-04,1,12.9,4,834.2,NaN,8.6,54,196
2022-05-05,2,13.5,11,833.7,NaN,7.0,54,104
2022-05-06,2,13.1,4,830.7,NaN,8.0,52,232
2022-05-07,2,13.7,23,829.2,NaN,10.1,45,303
2022-05-08,53,10.2,53,828.8,NaN,8.9,72,133
2022-05-09,0,9.6,2,829.1,NaN,5.7,69,161
2022-05-10,0,11.2,0,830.0,NaN,7.6,63,270
2022-05-11,3,13.1,23,830.1,NaN,9.2,59,252
2022-05-12,3,14.2,13,831.7,NaN,9.7,51,343
2022-05-13,2,14.3,19,832.1,NaN,11.4,57,315
2022-05-14,2,14.3,17,832.3,NaN,11.6,53,318
2022-05-15,61,12.5,47,835.4,NaN,9.8,69,86
2022-05-16,51,10.9,55,837.8,NaN,9.9,77,77
2022-05-17,51,10.4,40,835.2,NaN,6.3,80,89
2022-05-18,51,9.9,17,831.4,NaN,8.6,73,344
2022-05-19,2,10.3,9,829.0,NaN,10.4,70,318
2022-05-20,63,10.8,43,826.2,NaN,14.2,74,1
2022-05-21,63,8.2,81,825.3,NaN,13.6,92,30
2022-05-22,51,7.1,60,828.1,NaN,9.8,80,155
2022-05-23,1,9.2,5,828.8,NaN,14.1,76,182
2022-05-24,1,10.9,2,830.1,NaN,12.2,68,204
2022-05-25,0,11.8,0,831.5,NaN,9.5,56,204
2022-05-26,0,11.9,0,832.4,NaN,9.6,51,205
2022-05-27,0,12.1,0,833.1,NaN,9.8,54,300
2022-05-28,0,11.5,0,831.9,NaN,12.3,74,331
2022-05-29,0,11.7,1,830.1,NaN,16.6,71,317
2022-05-30,0,8.1,0,831.6,NaN,14.0,52,196
2022-05-31,3,6.8,13,832.7,NaN,16.1,48,204
2022-06-01,0,6.5,0,833.8,NaN,11.6,43,194
2022-06-02,0,8.3,0,834.4,NaN,7.6,47,248
2022-06-03,0,8.5,0,834.7,NaN,7.5,55,344
2022-06-04,0,8.8,0,833.6,NaN,10.1,50,226
2022-06-05,0,9.8,0,835.9,NaN,15.6,46,109
2022-06-06,3,9.6,19,838.1,NaN,10.7,67,102
2022-06-07,0,10.3,0,836.4,NaN,9.2,47,153
2022-06-08,0,10.3,0,835.0,NaN,10.1,41,75
2022-06-09,0,10.2,0,833.7,NaN,11.8,40,214
2022-06-10,0,9.7,0,834.5,NaN,12.5,54,80
2022-06-11,0,8.1,0,834.5,NaN,8.7,67,353
2022-06-12,0,7.6,1,831.8,NaN,9.6,60,339
2022-06-13,2,7.5,7,828.9,NaN,11.0,55,311
2022-06-14,51,8.9,60,825.5,NaN,14.6,58,331
2022-06-15,55,5.5,15,826.0,NaN,16.3,59,208
2022-06-16,0,3.4,1,828.3,NaN,10.7,53,201
2022-06-17,0,6.4,0,828.4,NaN,10.7,45,335
2022-06-18,0,9.0,0,828.4,NaN,10.0,57,316
2022-06-19,0,11.1,0,829.8,NaN,11.2,54,344
2022-06-20,1,11.7,1,834.7,NaN,15.6,59,37
2022-06-21,0,9.4,0,834.4,NaN,15.3,72,31
2022-06-22,51,8.8,44,832.2,NaN,22.4,75,28
2022-06-23,51,8.3,76,830.8,NaN,21.6,84,351
2022-06-24,55,9.1,45,831.0,NaN,9.2,78,325
2022-06-25,63,8.3,78,834.7,NaN,9.9,83,98
2022-06-26,1,7.0,2,838.2,NaN,10.8,62,111
2022-06-27,0,7.0,0,839.8,NaN,14.7,56,102
2022-06-28,3,6.2,27,839.5,NaN,13.2,74,95
2022-06-29,3,5.7,16,836.0,NaN,8.2,75,130
2022-06-30,0,7.4,0,834.8,NaN,8.6,49,68
2022-07-01,0,7.2,0,834.3,NaN,8.0,58,355
2022-07-02,0,7.7,0,833.2,NaN,9.4,57,332
2022-07-03,2,9.0,9,833.2,NaN,10.2,58,300
2022-07-04,0,9.4,0,833.8,NaN,7.6,57,205
2022-07-05,0,11.9,0,833.8,NaN,10.0,50,339
2022-07-06,2,11.2,6,832.4,NaN,11.1,62,324
2022-07-07,0,10.7,0,834.1,NaN,9.1,40,294
2022-07-08,0,10.7,0,835.3,NaN,8.1,40,320
2022-07-09,2,9.6,4,833.3,NaN,10.4,62,350
2022-07-10,3,9.7,28,830.4,NaN,12.8,61,331
2022-07-11,3,9.3,11,831.7,NaN,10.7,45,216
2022-07-12,0,8.4,0,833.6,NaN,9.4,43,318
2022-07-13,3,10.7,12,834.4,NaN,12.1,55,294
2022-07-14,0,10.4,0,832.1,NaN,12.6,39,208
2022-07-15,0,9.5,0,834.6,NaN,10.7,43,51
2022-07-16,0,9.6,0,836.5,NaN,8.7,54,71
2022-07-17,0,9.4,0,835.7,NaN,7.2,57,18
2022-07-18,0,9.2,0,834.0,NaN,9.1,61,342
2022-07-19,3,10.6,29,833.0,NaN,10.6,56,343
2022-07-20,51,10.6,80,833.4,NaN,5.1,65,87
2022-07-21,51,11.4,60,834.0,NaN,6.4,56,138
2022-07-22,51,11.1,26,834.4,NaN,8.6,66,9
2022-07-23,51,11.5,36,832.4,NaN,13.4,68,310
2022-07-24,1,10.2,3,830.9,NaN,12.4,50,236
2022-07-25,0,8.6,1,831.8,NaN,10.9,52,348
2022-07-26,51,11.1,9,833.0,NaN,10.8,65,309
2022-07-27,3,11.8,23,831.3,NaN,8.7,57,316
2022-07-28,3,11.8,28,832.7,NaN,14.9,55,32
2022-07-29,3,10.8,30,831.3,NaN,15.7,58,352
2022-07-30,3,12.6,23,829.9,NaN,14.6,45,335
2022-07-31,3,13.1,29,830.6,NaN,11.0,36,299
2022-08-01,51,11.7,21,834.9,NaN,15.8,63,32
2022-08-02,51,10.5,60,834.9,NaN,18.6,70,23
2022-08-03,63,8.9,78,831.9,NaN,13.1,85,17
2022-08-04,1,11.3,5,830.9,NaN,14.2,74,345
2022-08-05,3,12.3,26,831.7,NaN,8.7,48,248
2022-08-06,3,13.9,60,832.4,NaN,10.6,31,315
2022-08-07,3,15.0,63,830.9,NaN,15.7,36,329
2022-08-08,3,12.9,23,829.9,NaN,17.4,40,269
2022-08-09,0,11.1,0,831.1,NaN,12.2,51,109
2022-08-10,0,12.4,0,831.7,NaN,8.0,47,326
2022-08-11,0,14.4,0,832.3,NaN,8.8,39,325
2022-08-12,3,14.7,4,830.4,NaN,12.2,40,322
2022-08-13,3,15.9,24,826.8,NaN,16.2,33,330
2022-08-14,2,10.2,4,825.0,NaN,18.4,30,217
2022-08-15,3,6.3,37,828.4,NaN,16.9,31,186
2022-08-16,3,9.4,21,830.6,NaN,13.4,35,342
2022-08-17,3,13.0,10,828.7,NaN,13.4,40,318
2022-08-18,3,14.9,14,825.8,NaN,17.4,26,309
2022-08-19,3,8.2,14,826.5,NaN,19.9,39,207
2022-08-20,0,8.2,0,830.4,NaN,20.4,39,215
2022-08-21,0,8.1,0,833.9,NaN,14.5,44,57
2022-08-22,0,10.0,0,833.7,NaN,9.2,52,7
2022-08-23,0,11.7,0,835.1,NaN,10.7,44,13
2022-08-24,0,11.3,0,835.3,NaN,10.3,56,347
2022-08-25,0,13.2,0,831.8,NaN,11.0,40,312
2022-08-26,0,15.6,1,829.9,NaN,10.4,30,311
2022-08-27,0,15.9,0,830.3,NaN,13.2,31,336
2022-08-28,0,16.6,0,830.8,NaN,11.8,27,341
2022-08-29,3,16.3,9,831.4,NaN,14.6,41,335
2022-08-30,51,15.0,9,833.4,NaN,11.7,42,10
2022-08-31,2,10.9,15,835.8,NaN,11.9,65,15
2022-09-01,3,11.7,23,835.2,NaN,11.5,52,356
2022-09-02,0,14.0,0,833.9,NaN,9.9,32,329
2022-09-03,0,17.0,0,832.9,NaN,7.3,32,318
2022-09-04,0,17.3,0,832.6,NaN,12.1,26,336
2022-09-05,3,18.9,20,833.5,NaN,13.7,16,259
2022-09-06,3,17.1,34,835.1,NaN,11.8,18,167
2022-09-07,0,14.3,0,835.5,NaN,16.2,59,357
2022-09-08,1,16.2,5,834.5,NaN,12.1,49,327
2022-09-09,0,18.5,0,833.8,NaN,9.7,32,294
2022-09-10,0,19.9,0,833.8,NaN,12.3,25,319
2022-09-11,3,21.4,18,832.9,NaN,13.6,18,316
2022-09-12,3,20.0,39,831.9,NaN,14.9,23,286
2022-09-13,3,14.1,25,835.0,NaN,12.6,59,39
2022-09-14,3,13.9,34,836.7,NaN,15.8,62,2
2022-09-15,1,15.6,3,836.0,NaN,9.8,51,337
2022-09-16,3,18.6,19,833.8,NaN,7.4,33,248
2022-09-17,2,19.4,12,831.0,NaN,11.9,26,338
2022-09-18,1,19.4,2,828.3,NaN,16.0,22,346
2022-09-19,51,20.0,21,827.2,NaN,23.0,23,340
2022-09-20,51,15.2,52,828.5,NaN,15.1,41,319
2022-09-21,61,12.7,59,829.6,NaN,16.4,72,23
2022-09-22,3,14.4,36,830.8,NaN,11.4,64,341
2022-09-23,0,17.3,0,831.9,NaN,9.0,35,343
2022-09-24,0,18.9,0,833.1,NaN,15.4,46,7
2022-09-25,0,19.4,0,831.8,NaN,18.4,47,3
2022-09-26,0,20.5,0,831.0,NaN,13.4,32,353
2022-09-27,3,21.9,28,834.7,NaN,12.9,30,17
2022-09-28,0,19.4,2,836.8,NaN,16.5,48,18
2022-09-29,0,18.1,0,834.6,NaN,13.6,45,3
2022-09-30,0,19.1,0,832.5,NaN,12.7,36,350
2022-10-01,1,20.8,4,833.9,NaN,14.2,34,334
2022-10-02,2,22.8,8,834.6,NaN,13.3,30,326
2022-10-03,1,23.7,6,832.9,NaN,13.6,25,316
2022-10-04,2,25.1,19,832.1,NaN,13.2,20,321
2022-10-05,1,21.6,2,833.9,NaN,19.8,46,358
2022-10-06,1,23.0,3,833.6,NaN,16.9,26,358
2022-10-07,51,23.3,27,835.0,NaN,15.4,29,7
2022-10-08,51,20.0,27,836.5,NaN,17.5,46,7
2022-10-09,51,21.3,34,836.6,NaN,11.2,32,324
2022-10-10,3,22.6,36,837.3,NaN,12.3,27,49
2022-10-11,1,20.9,8,836.9,NaN,15.2,40,357
2022-10-12,3,22.1,37,835.5,NaN,8.2,27,19
2022-10-13,3,22.6,40,835.4,NaN,13.3,31,8
2022-10-14,3,22.9,23,834.1,NaN,9.7,25,19
2022-10-15,3,21.9,35,832.4,NaN,14.4,34,38
2022-10-16,51,19.1,80,832.8,NaN,19.4,54,11
2022-10-17,51,18.0,95,834.9,NaN,10.9,57,331
2022-10-18,51,17.9,87,835.4,NaN,6.6,61,98
2022-10-19,63,16.9,83,834.5,NaN,9.1,71,71
2022-10-20,51,18.3,62,833.8,NaN,8.8,63,66
2022-10-21,3,18.9,72,834.1,NaN,10.5,58,129
2022-10-22,51,17.9,83,833.5,NaN,9.0,66,85
2022-10-23,51,16.8,69,833.1,NaN,11.8,74,340
2022-10-24,63,16.9,80,830.2,NaN,9.8,71,309
2022-10-25,3,19.1,21,828.7,NaN,16.0,55,300
2022-10-26,3,20.6,62,830.8,NaN,9.8,30,191
2022-10-27,63,16.6,80,832.7,NaN,15.8,75,346
2022-10-28,63,17.6,46,832.1,NaN,9.9,66,54
2022-10-29,61,15.4,64,832.0,NaN,16.4,69,17
2022-10-30,51,17.1,66,830.2,NaN,14.8,65,335
2022-10-31,3,19.5,70,831.0,NaN,12.1,53,314
2022-11-01,53,15.4,93,834.2,NaN,14.5,76,32
2022-11-02,61,13.4,100,832.9,NaN,16.4,86,6
2022-11-03,51,15.3,87,830.0,NaN,14.7,80,335
2022-11-04,61,16.1,67,828.9,NaN,14.6,78,359
2022-11-05,51,17.0,19,829.3,NaN,16.4,74,338
2022-11-06,51,18.2,48,831.1,NaN,13.0,65,357
2022-11-07,53,16.3,100,831.6,NaN,14.3,84,6
2022-11-08,63,14.6,72,827.9,NaN,14.3,89,336
2022-11-09,3,16.8,19,828.2,NaN,9.1,68,211
2022-11-10,51,18.1,35,830.5,NaN,12.2,66,54
2022-11-11,63,15.5,99,832.1,NaN,16.9,88,12
2022-11-12,61,15.4,99,831.2,NaN,15.1,91,6
2022-11-13,63,15.5,69,829.7,NaN,9.8,86,268
2022-11-14,51,15.5,40,832.9,NaN,11.4,71,92
2022-11-15,51,15.7,33,832.5,NaN,12.6,75,343
2022-11-16,51,18.5,27,830.3,NaN,10.4,60,309
2022-11-17,3,20.7,33,830.7,NaN,12.5,50,298
2022-11-18,55,20.3,46,830.9,NaN,13.1,56,309
2022-11-19,53,19.4,66,830.3,NaN,15.6,62,317
2022-11-20,3,17.7,12,830.8,NaN,10.4,45,153
2022-11-21,51,16.9,73,831.0,NaN,14.4,66,344
2022-11-22,55,17.1,62,830.0,NaN,11.4,69,298
2022-11-23,51,17.3,24,830.4,NaN,11.3,68,355
2022-11-24,53,19.2,47,830.9,NaN,12.9,66,344
2022-11-25,63,18.7,50,830.9,NaN,13.8,71,356
2022-11-26,63,16.7,53,830.4,NaN,14.4,81,3
2022-11-27,63,15.9,65,828.0,NaN,6.1,74,351
2022-11-28,61,15.1,62,829.0,NaN,10.0,78,80
2022-11-29,51,15.6,58,830.7,NaN,9.4,73,40
2022-11-30,51,17.8,27,831.3,NaN,9.1,62,176
2022-12-01,3,19.5,46,830.6,NaN,6.6,59,125
2022-12-02,51,18.7,47,827.5,NaN,10.4,65,296
2022-12-03,51,19.9,32,826.5,NaN,10.7,59,284
2022-12-04,1,20.6,10,828.5,NaN,16.9,55,337
2022-12-05,65,17.9,35,828.1,NaN,18.9,79,350
2022-12-06,63,17.6,60,828.4,NaN,13.0,76,355
2022-12-07,61,16.7,74,830.9,NaN,14.2,77,351
2022-12-08,61,18.4,85,833.4,NaN,8.5,68,61
2022-12-09,63,16.9,57,834.1,NaN,11.1,83,45
2022-12-10,53,17.5,47,831.4,NaN,9.1,75,342
2022-12-11,63,18.1,68,831.3,NaN,13.1,77,37
2022-12-12,55,16.2,93,832.2,NaN,11.0,90,44
2022-12-13,61,15.5,85,832.0,NaN,11.5,92,9
2022-12-14,51,17.7,85,831.0,NaN,10.6,80,325
2022-12-15,51,19.4,64,829.1,NaN,7.6,69,277
2022-12-16,61,18.2,65,827.2,NaN,12.6,80,352
2022-12-17,53,18.2,72,824.5,NaN,9.1,78,310
2022-12-18,51,18.6,30,824.8,NaN,8.6,66,243
2022-12-19,51,18.6,50,825.4,NaN,12.6,72,328
2022-12-20,51,19.4,15,825.6,NaN,10.5,62,328
2022-12-21,53,17.0,60,830.4,NaN,11.7,77,54
2022-12-22,3,16.2,63,833.2,NaN,11.1,68,21
2022-12-23,2,18.4,6,831.6,NaN,9.4,60,330
2022-12-24,3,19.5,57,830.0,NaN,10.7,56,304
2022-12-25,53,21.1,72,829.2,NaN,13.1,48,284
2022-12-26,63,19.0,49,831.0,NaN,17.1,70,4
2022-12-27,53,18.9,40,833.7,NaN,12.8,74,357
2022-12-28,63,19.4,88,833.3,NaN,9.6,74,342
2022-12-29,63,16.9,74,830.5,NaN,8.2,82,17
2022-12-30,61,15.4,89,833.7,NaN,14.6,87,89
2022-12-31,61,15.0,82,834.6,NaN,10.1,82,18
2023-01-01,63,14.9,79,832.4,NaN,5.9,84,18
2023-01-02,51,16.7,21,831.4,NaN,5.7,71,4
2023-01-03,51,18.0,12,830.6,NaN,9.5,65,333
2023-01-04,51,19.0,50,829.1,NaN,9.9,66,309
2023-01-05,63,17.4,80,827.0,NaN,7.9,84,340
2023-01-06,63,16.3,66,828.4,NaN,10.3,84,110
2023-01-07,51,15.6,85,831.5,NaN,12.4,72,107
2023-01-08,51,15.8,47,831.8,NaN,8.6,73,18
2023-01-09,51,18.2,9,832.9,NaN,9.1,66,258
2023-01-10,51,20.3,9,834.6,NaN,8.7,57,114
2023-01-11,1,21.0,5,834.8,NaN,11.5,50,101
2023-01-12,0,20.6,0,833.4,NaN,13.5,44,106
2023-01-13,0,18.7,0,832.7,NaN,8.4,45,52
2023-01-14,0,20.5,0,833.2,NaN,9.5,49,45
2023-01-15,0,20.9,0,833.6,NaN,10.0,53,53
2023-01-16,3,21.1,25,833.9,NaN,11.1,48,73
2023-01-17,3,20.7,87,833.2,NaN,7.0,51,33
2023-01-18,51,21.1,53,832.9,NaN,11.3,58,3
2023-01-19,51,21.3,67,832.2,NaN,8.2,59,18
2023-01-20,51,21.2,69,831.1,NaN,7.5,61,66
2023-01-21,3,21.9,39,829.8,NaN,9.8,42,73
2023-01-22,1,21.8,2,828.9,NaN,12.5,34,80
2023-01-23,3,21.1,15,829.6,NaN,12.9,40,51
2023-01-24,3,21.3,15,829.7,NaN,10.8,45,16
2023-01-25,3,21.6,21,831.1,NaN,15.3,41,91
2023-01-26,51,19.9,30,832.1,NaN,14.6,57,107
2023-01-27,51,20.6,23,830.8,NaN,8.3,53,149
2023-01-28,51,22.3,14,828.9,NaN,11.5,46,194
2023-01-29,63,21.9,48,829.0,NaN,10.8,50,60
2023-01-30,51,17.7,69,831.7,NaN,22.8,76,356
2023-01-31,51,18.2,86,832.9,NaN,12.4,72,345
2023-02-01,65,16.2,83,832.1,NaN,9.1,91,0
2023-02-02,63,17.2,64,831.6,NaN,9.4,85,355
2023-02-03,65,17.9,67,831.8,NaN,9.0,83,354
2023-02-04,51,17.9,52,831.6,NaN,10.4,74,83
2023-02-05,51,17.8,19,830.5,NaN,7.8,69,73
2023-02-06,1,19.4,12,829.7,NaN,9.7,61,130
2023-02-07,3,19.5,65,828.7,NaN,9.7,59,119
2023-02-08,63,17.4,91,828.1,NaN,9.3,80,103
2023-02-09,53,17.5,80,827.2,NaN,9.5,81,42
2023-02-10,63,15.8,100,826.7,NaN,9.2,95,94
2023-02-11,63,16.0,97,827.3,NaN,12.5,92,59
2023-02-12,53,17.5,75,828.3,NaN,7.4,83,23
2023-02-13,63,17.4,77,830.2,NaN,8.2,88,64
2023-02-14,61,18.5,74,830.0,NaN,10.1,82,74
2023-02-15,63,18.2,66,827.4,NaN,8.2,83,43
2023-02-16,55,18.6,99,827.3,NaN,6.9,76,54
2023-02-17,61,16.7,98,827.4,NaN,9.1,90,61
2023-02-18,63,16.7,98,826.8,NaN,8.0,90,39
2023-02-19,53,17.8,73,825.8,NaN,7.7,85,5
2023-02-20,63,17.5,66,824.9,NaN,13.2,85,328
2023-02-21,0,17.1,0,830.2,NaN,12.1,62,217
2023-02-22,51,16.9,48,834.1,NaN,9.2,68,35
2023-02-23,1,17.7,3,833.4,NaN,7.0,68,96
2023-02-24,1,19.3,1,831.5,NaN,7.0,60,130
2023-02-25,1,20.5,6,830.0,NaN,10.1,56,153
2023-02-26,53,18.8,14,832.8,NaN,14.4,71,91
2023-02-27,51,18.6,17,833.3,NaN,10.2,69,78
2023-02-28,51,18.9,28,831.1,NaN,8.1,65,126
2023-03-01,51,18.7,12,830.0,NaN,10.9,62,129
2023-03-02,51,18.0,26,831.2,NaN,12.3,66,107
2023-03-03,61,17.2,38,830.5,NaN,10.8,76,353
2023-03-04,55,17.7,28,830.1,NaN,9.0,76,324
2023-03-05,51,19.0,31,830.9,NaN,12.2,73,324
2023-03-06,3,20.7,46,830.6,NaN,7.9,57,223
2023-03-07,61,18.4,43,830.7,NaN,11.0,74,46
2023-03-08,51,18.9,36,830.4,NaN,10.6,75,329
2023-03-09,0,20.2,0,830.3,NaN,11.0,53,212
2023-03-10,3,20.1,15,830.4,NaN,8.4,38,115
2023-03-11,2,20.1,8,831.0,NaN,10.9,60,332
2023-03-12,53,18.9,29,832.8,NaN,14.7,61,105
2023-03-13,2,17.9,13,833.9,NaN,12.8,62,97
2023-03-14,0,18.0,4,831.9,NaN,10.3,60,117
2023-03-15,51,18.1,15,830.2,NaN,8.8,56,116
2023-03-16,2,17.6,8,831.1,NaN,10.2,53,92
2023-03-17,2,17.3,16,831.1,NaN,9.7,57,343
2023-03-18,3,18.6,28,831.1,NaN,9.3,55,299
2023-03-19,2,21.5,18,832.4,NaN,7.8,43,2
2023-03-20,2,21.1,20,833.7,NaN,11.4,46,10
2023-03-21,51,18.9,19,832.8,NaN,9.4,63,17
2023-03-22,3,19.2,13,832.0,NaN,11.4,53,40
2023-03-23,3,17.4,96,833.1,NaN,11.0,58,35
2023-03-24,51,15.8,100,833.5,NaN,10.2,77,28
2023-03-25,53,14.3,88,832.5,NaN,11.7,90,354
2023-03-26,51,16.8,48,830.8,NaN,8.8,71,238
2023-03-27,51,16.0,34,832.4,NaN,10.9,71,72
2023-03-28,51,14.2,51,832.7,NaN,15.7,80,341
2023-03-29,53,15.4,24,830.1,NaN,10.2,75,281
2023-03-30,63,16.4,17,829.4,NaN,8.9,69,295
2023-03-31,53,13.5,61,830.7,NaN,14.7,84,355
2023-04-01,51,14.7,20,832.1,NaN,9.3,69,339
2023-04-02,51,15.8,24,832.3,NaN,10.3,73,345
2023-04-03,63,15.8,30,830.1,NaN,11.4,75,323
2023-04-04,1,15.3,2,830.2,NaN,9.2,60,193
2023-04-05,1,14.2,5,832.8,NaN,9.4,65,89
2023-04-06,1,15.5,3,831.6,NaN,7.6,58,139
2023-04-07,1,15.8,4,828.2,NaN,11.3,58,231
2023-04-08,3,17.9,20,829.5,NaN,8.0,51,282
2023-04-09,51,18.4,44,830.9,NaN,15.9,52,347
2023-04-10,63,14.6,77,829.7,NaN,10.8,77,305
2023-04-11,0,12.1,0,829.3,NaN,10.0,47,198
2023-04-12,1,11.9,7,829.3,NaN,12.3,57,349
2023-04-13,3,15.9,18,829.9,NaN,13.5,60,324
2023-04-14,3,16.0,14,830.7,NaN,14.1,41,220
2023-04-15,3,14.3,13,834.3,NaN,11.9,53,40
2023-04-16,3,13.3,33,834.3,NaN,10.6,71,347
2023-04-17,0,13.4,2,831.9,NaN,7.4,59,299
2023-04-18,0,14.6,0,833.0,NaN,8.3,49,173
2023-04-19,0,15.8,2,833.1,NaN,8.5,42,348
2023-04-20,2,15.2,3,828.3,NaN,11.6,42,315
2023-04-21,3,15.5,37,826.8,NaN,11.5,47,281
2023-04-22,3,16.6,29,828.5,NaN,13.4,44,301
2023-04-23,0,15.9,1,829.6,NaN,10.7,34,210
2023-04-24,3,16.7,40,831.1,NaN,9.3,33,296
2023-04-25,3,16.8,34,832.3,NaN,10.4,50,297
2023-04-26,2,17.3,5,832.5,NaN,11.2,53,316
2023-04-27,51,17.5,10,833.1,NaN,12.3,62,315
2023-04-28,2,18.5,16,833.6,NaN,7.4,55,239
2023-04-29,2,17.7,10,833.2,NaN,9.0,58,243
2023-04-30,3,17.0,13,832.3,NaN,9.0,56,23
2023-05-01,3,15.0,61,832.7,NaN,16.7,76,347
2023-05-02,3,16.2,16,832.8,NaN,10.2,66,319
2023-05-03,3,17.2,23,834.0,NaN,10.1,55,302
2023-05-04,3,15.3,28,834.2,NaN,11.6,66,317
2023-05-05,63,15.9,18,832.8,NaN,7.5,60,302
2023-05-06,53,15.5,41,833.2,NaN,10.0,63,1
2023-05-07,61,14.5,56,833.7,NaN,11.9,74,131
2023-05-08,63,10.2,78,833.0,NaN,8.2,90,31
2023-05-09,3,10.5,32,831.7,NaN,7.1,77,159
2023-05-10,0,11.2,1,830.9,NaN,7.7,68,180
2023-05-11,0,11.9,0,830.0,NaN,9.8,61,233
2023-05-12,3,13.0,45,830.0,NaN,7.4,53,239
2023-05-13,3,14.0,34,832.1,NaN,14.2,58,10
2023-05-14,61,12.6,61,832.0,NaN,15.5,82,356
2023-05-15,63,10.2,54,831.3,NaN,10.8,89,62
2023-05-16,51,9.5,47,831.1,NaN,12.8,88,356
2023-05-17,3,11.4,63,829.6,NaN,11.8,79,296
2023-05-18,61,11.9,34,828.5,NaN,11.8,79,316
2023-05-19,1,10.0,3,828.1,NaN,11.2,62,275
2023-05-20,0,7.6,1,828.1,NaN,8.0,55,259
2023-05-21,0,9.6,0,827.7,NaN,10.7,44,257
2023-05-22,3,10.2,25,829.1,NaN,8.8,44,177
2023-05-23,3,9.4,60,829.9,NaN,15.2,83,347
2023-05-24,0,12.6,3,829.8,NaN,9.4,66,306
2023-05-25,3,14.3,15,829.6,NaN,14.9,59,356
2023-05-26,3,11.2,39,830.1,NaN,12.4,51,179
2023-05-27,51,13.0,94,832.6,NaN,16.0,72,11
2023-05-28,3,13.0,27,832.3,NaN,17.6,73,4
2023-05-29,3,12.8,46,831.7,NaN,13.7,64,23
2023-05-30,63,12.3,55,831.5,NaN,23.9,73,12
2023-05-31,61,9.9,52,829.0,NaN,16.5,81,331
2023-06-01,0,6.5,0,827.9,NaN,9.6,66,201
2023-06-02,3,8.8,9,828.1,NaN,9.0,50,252
2023-06-03,3,13.4,63,828.8,NaN,14.3,44,332
2023-06-04,3,14.3,48,828.1,NaN,14.1,46,319
2023-06-05,0,10.1,0,829.8,NaN,14.0,42,186
2023-06-06,0,12.2,0,832.6,NaN,14.1,57,354
2023-06-07,0,13.1,0,832.7,NaN,14.0,76,345
2023-06-08,2,14.5,5,831.1,NaN,16.4,62,332
2023-06-09,0,12.2,0,829.5,NaN,14.9,30,236
2023-06-10,0,8.5,0,830.8,NaN,11.3,45,177
2023-06-11,0,10.2,0,830.8,NaN,9.3,39,321
2023-06-12,53,10.1,36,826.4,NaN,14.2,61,324
2023-06-13,0,6.1,0,827.1,NaN,16.4,64,208
2023-06-14,0,9.0,0,828.0,NaN,12.9,45,256
2023-06-15,0,10.6,0,828.9,NaN,17.7,33,242
2023-06-16,0,9.5,0,831.3,NaN,13.3,48,191
2023-06-17,0,10.4,0,831.8,NaN,10.5,48,336
2023-06-18,0,11.7,0,831.3,NaN,9.1,43,306
2023-06-19,0,12.6,0,829.3,NaN,13.6,35,309
2023-06-20,1,7.7,2,829.0,NaN,13.8,37,202
2023-06-21,1,9.1,6,830.3,NaN,9.3,31,250
2023-06-22,0,10.1,0,832.1,NaN,7.1,32,131
2023-06-23,3,9.1,24,834.7,NaN,13.2,78,347
2023-06-24,0,11.8,0,834.3,NaN,6.9,53,277
2023-06-25,0,12.9,0,833.3,NaN,8.0,40,334
2023-06-26,0,9.9,0,830.2,NaN,9.7,51,356
2023-06-27,0,10.2,0,828.8,NaN,13.9,44,20
2023-06-28,61,9.8,28,829.2,NaN,21.6,68,9
2023-06-29,51,8.2,15,831.3,NaN,10.0,65,254
2023-06-30,0,6.3,0,833.1,NaN,12.9,60,188
2023-07-01,0,8.4,0,835.1,NaN,9.1,48,265
2023-07-02,3,12.3,12,837.2,NaN,4.8,34,19
2023-07-03,0,10.7,1,837.2,NaN,9.1,41,28
2023-07-04,2,10.8,7,835.3,NaN,9.7,46,262
2023-07-05,0,9.4,0,833.2,NaN,9.2,41,192
2023-07-06,2,10.5,8,836.5,NaN,8.4,47,346
2023-07-07,2,8.7,13,835.0,NaN,12.0,61,332
2023-07-08,0,10.0,0,831.6,NaN,12.2,50,292
2023-07-09,1,6.6,4,828.5,NaN,16.6,47,214
2023-07-10,51,2.1,32,833.7,NaN,25.3,55,168
2023-07-11,1,4.6,1,838.9,NaN,19.2,60,136
2023-07-12,1,6.1,5,838.5,NaN,11.2,64,122
2023-07-13,0,8.1,0,836.2,NaN,8.2,49,106
2023-07-14,0,6.2,1,834.3,NaN,10.6,59,35
2023-07-15,51,6.9,32,832.9,NaN,11.8,60,293
2023-07-16,0,8.4,0,833.8,NaN,12.3,47,215
2023-07-17,0,10.8,0,836.3,NaN,9.4,42,177
2023-07-18,0,12.7,0,835.8,NaN,9.4,38,310
2023-07-19,0,10.6,0,831.2,NaN,11.3,39,218
2023-07-20,51,8.3,46,833.6,NaN,17.4,65,59
2023-07-21,51,6.8,75,837.3,NaN,21.0,78,37
2023-07-22,3,7.9,50,835.8,NaN,17.3,83,343
2023-07-23,3,11.7,48,833.8,NaN,10.9,66,302
2023-07-24,3,13.5,90,832.6,NaN,15.0,48,266
2023-07-25,3,9.6,42,833.8,NaN,13.9,62,13
2023-07-26,3,10.2,42,834.5,NaN,12.9,76,349
2023-07-27,0,11.4,1,833.3,NaN,13.8,69,332
2023-07-28,3,12.4,32,831.7,NaN,12.8,54,342
2023-07-29,3,13.4,31,828.6,NaN,21.0,43,343
2023-07-30,2,4.8,9,829.5,NaN,23.5,45,205
2023-07-31,0,4.7,0,833.2,NaN,15.6,38,198
2023-08-01,0,6.2,0,836.2,NaN,14.7,36,123
2023-08-02,1,6.8,7,839.0,NaN,10.5,65,40
2023-08-03,0,6.9,2,838.3,NaN,9.5,66,10
2023-08-04,3,7.0,37,836.3,NaN,8.8,56,2
2023-08-05,3,9.1,19,837.1,NaN,6.0,47,80
2023-08-06,0,10.3,0,837.8,NaN,6.3,42,289
2023-08-07,0,10.6,0,835.6,NaN,8.8,28,169
2023-08-08,0,10.9,0,834.8,NaN,9.4,29,82
2023-08-09,3,11.1,64,837.1,NaN,14.2,39,78
2023-08-10,3,9.3,16,837.2,NaN,14.1,61,55
2023-08-11,3,9.4,16,833.7,NaN,9.3,58,343
2023-08-12,3,11.5,23,831.2,NaN,10.9,46,233
2023-08-13,3,13.5,18,830.3,NaN,10.6,44,311
2023-08-14,1,14.4,5,830.4,NaN,14.5,39,335
2023-08-15,2,15.9,8,832.3,NaN,13.8,25,275
2023-08-16,3,13.4,77,833.8,NaN,13.3,50,3
2023-08-17,3,13.6,95,832.2,NaN,17.5,61,346
2023-08-18,3,15.6,59,830.5,NaN,15.6,37,317
2023-08-19,3,15.8,52,829.5,NaN,18.3,34,347
2023-08-20,3,15.4,46,829.9,NaN,9.5,27,287
2023-08-21,3,18.1,24,829.0,NaN,15.5,21,270
2023-08-22,0,17.5,0,828.4,NaN,12.6,12,281
2023-08-23,0,15.3,0,829.3,NaN,12.0,17,208
2023-08-24,0,15.2,0,830.0,NaN,14.0,29,23
2023-08-25,51,14.7,52,827.2,NaN,19.8,67,350
2023-08-26,3,10.2,44,828.8,NaN,20.0,27,194
2023-08-27,2,10.2,13,837.2,NaN,14.2,34,114
2023-08-28,0,10.4,0,840.5,NaN,9.7,38,66
2023-08-29,0,12.2,0,839.0,NaN,8.5,40,74
2023-08-30,0,12.7,0,836.1,NaN,6.1,50,339
2023-08-31,0,13.5,0,832.2,NaN,11.6,39,320
2023-09-01,3,16.4,27,831.1,NaN,13.4,29,326
2023-09-02,2,18.0,4,831.8,NaN,15.4,26,345
2023-09-03,2,19.0,4,833.2,NaN,16.4,30,355
2023-09-04,3,19.5,77,833.7,NaN,11.2,28,334
2023-09-05,3,20.1,60,832.7,NaN,14.9,27,314
2023-09-06,3,17.0,54,832.5,NaN,14.1,15,213
2023-09-07,3,14.7,4,832.1,NaN,9.8,10,209
2023-09-08,3,17.7,55,833.2,NaN,10.7,17,345
2023-09-09,0,19.3,0,833.1,NaN,8.9,33,327
2023-09-10,2,20.6,5,831.2,NaN,12.3,25,328
2023-09-11,3,18.6,24,828.4,NaN,21.5,24,275
2023-09-12,3,8.8,16,833.4,NaN,20.8,49,122
2023-09-13,3,10.5,20,835.7,NaN,15.8,59,25
2023-09-14,3,13.5,35,833.0,NaN,13.3,57,322
2023-09-15,0,18.1,0,830.5,NaN,13.9,29,264
2023-09-16,1,18.0,3,829.3,NaN,16.3,9,239
2023-09-17,0,15.2,0,830.3,NaN,10.9,19,194
2023-09-18,1,15.0,2,831.6,NaN,15.5,53,356
2023-09-19,53,17.3,36,831.2,NaN,16.1,52,343
2023-09-20,0,17.4,0,831.4,NaN,11.9,34,245
2023-09-21,0,18.1,0,831.2,NaN,13.7,20,330
2023-09-22,0,18.4,1,831.4,NaN,12.8,31,356
2023-09-23,3,21.3,47,832.9,NaN,14.4,29,359
2023-09-24,0,20.8,3,832.4,NaN,21.7,27,27
2023-09-25,63,16.4,27,829.8,NaN,24.0,45,348
2023-09-26,3,11.9,7,828.3,NaN,16.9,49,189
2023-09-27,63,10.8,66,829.3,NaN,13.3,72,84
2023-09-28,2,12.8,8,831.1,NaN,8.9,65,11
2023-09-29,1,16.2,5,832.0,NaN,10.9,57,342
2023-09-30,0,19.8,0,831.3,NaN,14.2,34,288
2023-10-01,0,18.3,0,832.5,NaN,14.6,26,192
2023-10-02,2,13.9,7,836.2,NaN,14.6,64,28
2023-10-03,0,16.5,0,835.6,NaN,9.0,54,350
2023-10-04,3,21.4,37,835.6,NaN,9.7,32,29
2023-10-05,3,22.0,21,834.5,NaN,10.5,26,341
2023-10-06,1,22.6,3,832.4,NaN,11.0,23,354
2023-10-07,1,21.7,1,830.6,NaN,13.5,28,340
2023-10-08,3,23.2,26,830.9,NaN,15.0,23,327
2023-10-09,3,19.1,49,833.1,NaN,20.9,57,353
2023-10-10,63,18.6,79,832.8,NaN,13.7,64,347
2023-10-11,53,18.7,95,832.8,NaN,11.4,66,332
2023-10-12,53,16.3,71,829.8,NaN,16.2,65,151
2023-10-13,3,17.4,11,829.0,NaN,14.8,48,213
2023-10-14,3,17.5,9,829.4,NaN,9.6,33,142
2023-10-15,53,15.9,63,828.8,NaN,20.4,69,10
2023-10-16,61,13.5,61,826.7,NaN,16.1,81,347
2023-10-17,51,12.7,36,829.5,NaN,14.8,68,122
2023-10-18,1,15.1,7,833.2,NaN,11.3,56,137
2023-10-19,3,18.6,15,835.3,NaN,6.6,41,28
2023-10-20,0,18.1,0,833.8,NaN,14.0,51,341
2023-10-21,3,20.7,12,829.6,NaN,16.7,34,334
2023-10-22,2,19.1,5,827.9,NaN,9.7,48,148
2023-10-23,1,18.1,4,829.9,NaN,14.7,55,353
2023-10-24,0,21.6,0,828.3,NaN,14.6,27,267
2023-10-25,0,20.7,0,830.5,NaN,10.4,17,188
2023-10-26,1,20.4,3,833.3,NaN,12.9,50,347
2023-10-27,3,23.1,25,832.2,NaN,14.6,31,337
2023-10-28,3,21.9,68,829.4,NaN,14.1,29,311
2023-10-29,63,14.7,69,829.4,NaN,17.6,67,78
2023-10-30,55,6.1,100,830.6,NaN,19.7,83,92
2023-10-31,63,7.0,83,829.7,NaN,12.1,91,82
2023-11-01,3,9.9,25,830.5,NaN,9.9,74,70
2023-11-02,3,13.2,56,831.7,NaN,10.8,69,7
2023-11-03,3,14.9,99,832.3,NaN,13.5,65,7
2023-11-04,51,14.1,76,830.7,NaN,11.3,69,339
2023-11-05,51,18.0,11,830.4,NaN,11.0,56,345
2023-11-06,3,20.2,28,830.6,NaN,14.2,54,346
2023-11-07,63,14.6,82,829.0,NaN,9.9,84,299
2023-11-08,3,15.8,16,830.3,NaN,8.3,62,27
2023-11-09,51,17.6,15,831.3,NaN,12.9,64,327
2023-11-10,51,18.6,11,833.0,NaN,12.3,63,357
2023-11-11,3,20.2,48,832.9,NaN,14.2,58,346
2023-11-12,51,21.6,50,832.1,NaN,11.4,48,340
2023-11-13,55,19.3,24,832.6,NaN,16.2,62,3
2023-11-14,51,15.1,75,834.0,NaN,15.8,76,34
2023-11-15,51,16.3,28,833.5,NaN,15.9,65,359
2023-11-16,51,18.1,52,833.2,NaN,12.1,64,317
2023-11-17,63,19.2,73,832.6,NaN,8.5,61,303
2023-11-18,63,18.7,81,832.1,NaN,8.1,67,250
2023-11-19,2,21.3,17,831.2,NaN,8.1,53,341
2023-11-20,53,21.4,34,831.0,NaN,8.6,53,295
2023-11-21,51,22.1,86,831.8,NaN,9.1,53,311
2023-11-22,3,23.7,56,833.8,NaN,6.8,47,12
2023-11-23,51,24.2,58,834.5,NaN,12.1,47,21
2023-11-24,3,23.9,33,833.1,NaN,14.0,35,9
2023-11-25,3,24.1,28,832.7,NaN,11.7,32,18
2023-11-26,3,24.0,29,835.5,NaN,8.9,43,16
2023-11-27,51,24.3,47,835.3,NaN,9.6,48,355
2023-11-28,61,22.4,56,830.5,NaN,12.9,51,329
2023-11-29,51,20.9,83,828.6,NaN,11.2,49,213
2023-11-30,3,17.0,23,832.8,NaN,12.9,57,53
2023-12-01,0,18.7,1,833.8,NaN,9.4,57,8
2023-12-02,2,21.9,11,832.8,NaN,7.2,41,342
2023-12-03,3,22.3,40,832.2,NaN,10.7,37,350
2023-12-04,3,24.0,40,832.3,NaN,8.1,35,348
2023-12-05,3,24.0,44,831.8,NaN,13.2,32,354
2023-12-06,51,20.5,75,833.8,NaN,16.6,61,58
2023-12-07,63,17.7,65,832.9,NaN,19.9,70,15
2023-12-08,51,20.0,12,829.7,NaN,17.2,61,330
2023-12-09,3,22.0,32,828.7,NaN,12.7,45,330
2023-12-10,63,16.5,100,829.2,NaN,13.5,79,8
2023-12-11,61,14.9,92,828.9,NaN,14.9,88,5
2023-12-12,3,17.5,37,828.5,NaN,9.9,69,282
2023-12-13,51,18.7,9,829.9,NaN,15.8,67,13
2023-12-14,3,18.3,81,829.8,NaN,20.8,73,354
2023-12-15,61,19.4,83,830.9,NaN,12.5,73,354
2023-12-16,53,18.8,63,830.5,NaN,7.0,72,341
2023-12-17,51,20.2,60,831.1,NaN,8.6,68,352
2023-12-18,63,20.7,25,831.6,NaN,7.4,70,336
2023-12-19,51,21.7,62,832.8,NaN,7.5,64,35
2023-12-20,51,20.7,41,833.2,NaN,11.9,75,343
2023-12-21,63,22.4,36,832.8,NaN,7.3,62,348
2023-12-22,3,21.4,71,834.6,NaN,12.0,56,12
2023-12-23,2,22.6,28,834.7,NaN,7.5,50,350
2023-12-24,61,22.0,50,833.7,NaN,11.9,56,14
2023-12-25,61,16.8,100,829.6,NaN,9.0,87,75
2023-12-26,65,16.7,76,828.2,NaN,12.8,82,74
2023-12-27,63,13.7,87,830.0,NaN,17.9,79,79
2023-12-28,51,16.1,51,831.2,NaN,11.7,72,63
2023-12-29,53,16.7,47,831.9,NaN,16.1,72,48
2023-12-30,51,16.8,30,830.6,NaN,9.9,73,354
2023-12-31,61,17.7,32,830.1,NaN,11.6,71,302
2024-01-01,1,19.4,5,832.0,NaN,9.9,63,165
2024-01-02,51,18.8,25,833.9,NaN,9.3,68,94
2024-01-03,51,19.5,26,831.7,NaN,11.5,68,260
2024-01-04,51,19.0,15,831.1,NaN,7.8,62,172
2024-01-05,65,17.7,53,832.9,NaN,10.2,77,1
2024-01-06,51,19.8,20,832.5,NaN,8.4,64,213
2024-01-07,53,20.9,34,831.6,NaN,6.8,60,22
2024-01-08,63,19.7,60,830.9,NaN,9.2,72,4
2024-01-09,63,17.6,85,830.6,NaN,8.7,82,49
2024-01-10,63,17.9,50,829.5,NaN,9.0,79,1
2024-01-11,51,18.7,76,829.7,NaN,8.9,78,324
2024-01-12,53,19.5,90,831.1,NaN,5.2,75,325
2024-01-13,51,20.0,20,830.7,NaN,6.9,70,20
2024-01-14,55,20.2,22,830.5,NaN,7.6,69,345
2024-01-15,51,21.5,12,830.7,NaN,9.3,65,304
2024-01-16,61,20.9,49,829.7,NaN,8.5,70,341
2024-01-17,53,18.3,98,829.0,NaN,10.6,80,339
2024-01-18,3,15.3,45,830.7,NaN,20.2,73,113
2024-01-19,3,14.7,29,832.6,NaN,16.4,61,122
2024-01-20,3,15.3,58,832.1,NaN,9.5,58,136
2024-01-21,2,18.1,9,830.6,NaN,10.4,54,241
2024-01-22,1,20.8,16,832.1,NaN,9.2,50,163
2024-01-23,2,19.3,15,836.4,NaN,12.0,64,96
2024-01-24,51,19.0,10,836.3,NaN,8.8,64,163
2024-01-25,51,19.9,22,834.7,NaN,8.5,65,140
2024-01-26,51,21.1,49,833.5,NaN,11.2,63,309
2024-01-27,63,19.1,84,832.5,NaN,8.1,78,343
2024-01-28,61,19.9,50,832.8,NaN,6.1,73,18
2024-01-29,65,18.5,54,832.9,NaN,6.8,83,6
2024-01-30,51,20.2,37,833.7,NaN,9.5,71,103
2024-01-31,51,18.3,47,835.6,NaN,12.2,67,86
2024-02-01,3,18.2,45,836.4,NaN,8.7,63,90
2024-02-02,3,18.2,17,834.8,NaN,7.7,62,118
2024-02-03,51,19.2,40,832.3,NaN,9.4,64,258
2024-02-04,53,19.4,34,831.6,NaN,9.2,65,231
2024-02-05,51,21.0,18,832.2,NaN,9.4,60,235
2024-02-06,1,21.9,8,831.1,NaN,8.4,50,245
2024-02-07,3,22.5,41,831.8,NaN,11.5,47,270
2024-02-08,3,23.4,46,833.3,NaN,9.7,43,204
2024-02-09,65,20.7,68,833.7,NaN,14.4,74,339
2024-02-10,53,21.3,42,833.2,NaN,10.3,60,256
2024-02-11,51,17.9,47,836.0,NaN,14.0,75,43
2024-02-12,51,18.8,19,835.9,NaN,8.6,71,337
2024-02-13,51,21.5,8,834.3,NaN,9.8,56,163
2024-02-14,1,22.7,7,832.5,NaN,8.0,49,121
2024-02-15,55,21.6,26,829.4,NaN,14.8,56,338
2024-02-16,3,22.8,27,828.4,NaN,16.9,51,324
2024-02-17,2,23.0,12,831.8,NaN,14.2,46,2
2024-02-18,61,21.3,40,834.8,NaN,12.2,67,23
2024-02-19,51,20.6,63,835.4,NaN,6.4,70,50
2024-02-20,51,20.8,12,833.5,NaN,10.0,67,338
2024-02-21,3,22.5,24,831.5,NaN,8.5,56,326
2024-02-22,61,21.4,70,830.9,NaN,9.2,62,325
2024-02-23,53,21.3,27,831.9,NaN,9.7,66,31
2024-02-24,51,21.0,30,832.8,NaN,10.9,64,1
2024-02-25,51,21.5,19,832.2,NaN,8.3,60,226
2024-02-26,2,21.2,14,831.9,NaN,10.9,61,59
2024-02-27,51,17.5,70,834.1,NaN,12.2,73,21
2024-02-28,51,17.7,49,834.8,NaN,10.0,68,74
2024-02-29,51,16.9,21,833.5,NaN,8.1,65,92
2024-03-01,3,18.3,60,832.3,NaN,8.3,59,45
2024-03-02,51,19.6,23,832.6,NaN,9.1,56,316
2024-03-03,51,20.4,13,832.3,NaN,7.9,55,6
2024-03-04,51,20.6,17,830.3,NaN,13.3,56,351
2024-03-05,1,22.2,10,829.1,NaN,18.2,50,335
2024-03-06,3,23.6,19,831.0,NaN,14.2,41,340
2024-03-07,53,21.5,56,833.1,NaN,14.8,65,354
2024-03-08,1,21.7,7,833.6,NaN,9.5,57,331
2024-03-09,1,22.2,13,834.3,NaN,9.0,51,75
2024-03-10,2,22.5,10,835.4,NaN,10.2,59,320
2024-03-11,1,21.9,2,836.6,NaN,11.1,47,88
2024-03-12,3,20.3,63,833.9,NaN,9.0,47,126
2024-03-13,3,22.3,38,829.9,NaN,11.1,41,223
2024-03-14,51,22.6,19,830.9,NaN,12.0,34,287
2024-03-15,51,19.7,49,834.5,NaN,16.0,66,6
2024-03-16,0,22.0,2,834.6,NaN,14.3,56,307
2024-03-17,1,23.7,8,834.5,NaN,11.4,41,10
2024-03-18,3,20.1,30,834.9,NaN,14.9,69,355
2024-03-19,3,21.8,58,833.4,NaN,12.5,57,300
2024-03-20,3,22.1,28,834.1,NaN,9.7,46,135
2024-03-21,63,18.9,61,835.5,NaN,7.8,74,40
2024-03-22,55,17.5,92,834.0,NaN,7.5,77,13
2024-03-23,51,16.7,48,833.1,NaN,8.4,73,55
2024-03-24,3,16.6,33,835.1,NaN,13.7,70,71
2024-03-25,51,16.4,19,836.8,NaN,13.6,75,77
2024-03-26,51,16.7,17,835.4,NaN,7.1,72,44
2024-03-27,2,17.4,19,834.5,NaN,6.7,67,15
2024-03-28,51,16.5,67,833.5,NaN,9.0,74,257
2024-03-29,2,16.9,11,832.2,NaN,9.3,63,168
2024-03-30,51,16.6,28,833.9,NaN,9.7,70,29
2024-03-31,51,16.5,64,835.6,NaN,8.4,71,7
2024-04-01,51,17.1,79,834.4,NaN,6.4,65,356
2024-04-02,51,17.0,13,833.0,NaN,7.7,67,294
2024-04-03,61,17.0,82,832.3,NaN,7.0,70,92
2024-04-04,61,16.3,53,832.4,NaN,9.2,81,18
2024-04-05,61,16.7,81,832.0,NaN,8.6,79,320
2024-04-06,53,15.4,81,831.9,NaN,10.7,84,43
2024-04-07,63,14.5,94,832.4,NaN,22.0,85,55
2024-04-08,61,13.3,100,828.7,NaN,24.9,89,29
2024-04-09,61,14.3,42,825.8,NaN,16.8,72,291
2024-04-10,3,11.9,5,827.2,NaN,17.2,67,191
2024-04-11,1,11.8,4,830.9,NaN,8.2,64,254
2024-04-12,51,11.6,28,832.7,NaN,10.1,80,343
2024-04-13,2,11.9,20,831.8,NaN,9.1,74,342
2024-04-14,3,12.6,44,832.8,NaN,10.7,65,360
2024-04-15,53,12.0,60,834.0,NaN,9.9,74,9
2024-04-16,53,12.7,30,833.8,NaN,11.9,77,25
2024-04-17,3,13.2,30,834.3,NaN,12.1,70,11
2024-04-18,3,14.1,22,835.1,NaN,7.3,65,190
2024-04-19,3,14.3,8,834.1,NaN,9.2,61,176
2024-04-20,0,15.3,0,832.5,NaN,9.6,57,198
2024-04-21,3,17.8,15,832.2,NaN,7.9,45,172
2024-04-22,2,19.9,5,833.3,NaN,11.2,37,322
2024-04-23,3,17.9,15,832.4,NaN,10.3,46,227
2024-04-24,1,18.6,2,832.9,NaN,10.8,40,211
2024-04-25,3,18.5,23,832.5,NaN,9.6,39,184
2024-04-26,3,16.8,33,833.2,NaN,9.8,53,36
2024-04-27,51,14.6,15,836.4,NaN,12.9,68,79
2024-04-28,3,12.5,38,835.4,NaN,7.4,65,84
2024-04-29,1,12.8,1,832.5,NaN,8.1,54,324
2024-04-30,0,15.0,0,831.2,NaN,12.7,49,216
2024-05-01,0,16.3,0,832.1,NaN,10.2,47,171
2024-05-02,0,17.6,0,834.3,NaN,11.3,40,159
2024-05-03,0,16.3,0,836.1,NaN,10.3,45,53
2024-05-04,0,15.1,0,835.8,NaN,9.0,48,352
2024-05-05,0,15.5,0,832.9,NaN,8.4,36,207
2024-05-06,0,16.5,0,832.4,NaN,7.8,33,166
2024-05-07,0,16.7,0,834.1,NaN,10.6,30,3
2024-05-08,0,18.2,0,835.8,NaN,7.8,30,156
2024-05-09,0,16.9,0,834.5,NaN,6.9,38,12
2024-05-10,0,17.6,0,832.3,NaN,7.8,35,306
2024-05-11,3,17.4,14,832.4,NaN,10.4,37,185
2024-05-12,3,17.1,23,833.6,NaN,10.1,43,14
2024-05-13,51,15.4,14,834.9,NaN,9.2,64,48
2024-05-14,51,14.0,37,835.7,NaN,7.7,69,50
2024-05-15,1,14.2,4,835.9,NaN,11.5,55,179
2024-05-16,1,15.1,3,836.3,NaN,8.4,41,179
2024-05-17,0,15.6,0,834.9,NaN,11.4,40,184
2024-05-18,0,15.2,0,834.4,NaN,9.7,37,190
2024-05-19,0,15.0,0,835.0,NaN,9.5,37,209
2024-05-20,0,14.6,0,835.8,NaN,8.3,38,193
2024-05-21,0,15.1,0,836.7,NaN,9.1,34,164
2024-05-22,0,13.9,0,835.5,NaN,7.5,56,18
2024-05-23,0,12.1,0,833.9,NaN,8.0,56,333
2024-05-24,0,13.3,0,833.5,NaN,7.1,45,186
2024-05-25,0,12.5,0,834.1,NaN,8.3,48,337
2024-05-26,0,12.0,0,833.7,NaN,10.3,46,214
2024-05-27,3,12.5,25,835.8,NaN,8.3,34,154
2024-05-28,3,11.6,26,836.5,NaN,8.9,56,333
2024-05-29,0,12.4,0,833.8,NaN,8.6,45,227
2024-05-30,0,12.5,0,830.8,NaN,11.6,45,302
2024-05-31,0,12.3,0,829.6,NaN,12.0,45,342
2024-06-01,3,13.2,6,829.7,NaN,12.8,41,358
2024-06-02,63,12.4,34,827.4,NaN,17.7,58,34
2024-06-03,63,9.4,26,824.2,NaN,25.2,55,341
2024-06-04,0,4.9,0,826.4,NaN,9.9,52,278
2024-06-05,0,7.5,0,826.3,NaN,10.8,43,243
2024-06-06,0,10.8,0,826.8,NaN,18.3,30,326
2024-06-07,0,6.0,1,832.4,NaN,20.0,61,192
2024-06-08,1,7.5,3,837.5,NaN,15.0,61,90
2024-06-09,0,6.5,2,837.3,NaN,8.1,61,86
2024-06-10,0,7.5,0,837.7,NaN,7.9,49,36
2024-06-11,3,5.8,24,835.7,NaN,10.7,55,11
2024-06-12,1,7.3,5,834.1,NaN,12.0,51,324
2024-06-13,0,9.4,0,834.5,NaN,9.8,45,187
2024-06-14,0,9.8,0,834.5,NaN,8.2,42,174
2024-06-15,0,10.5,0,833.5,NaN,8.6,37,172
2024-06-16,0,10.6,0,833.6,NaN,9.0,45,41
2024-06-17,0,8.7,0,832.0,NaN,11.1,58,354
2024-06-18,0,11.2,0,830.0,NaN,12.8,46,273
2024-06-19,0,10.7,0,829.8,NaN,11.9,36,237
2024-06-20,0,10.4,0,833.9,NaN,10.6,28,115
2024-06-21,0,10.4,0,836.8,NaN,10.9,58,8
2024-06-22,0,12.5,0,837.1,NaN,9.2,39,172
2024-06-23,3,10.2,15,838.5,NaN,12.9,59,84
2024-06-24,0,10.8,0,838.4,NaN,6.0,58,6
2024-06-25,0,9.9,0,837.0,NaN,8.5,52,173
2024-06-26,0,9.4,0,837.4,NaN,13.9,58,117
2024-06-27,3,9.8,18,838.7,NaN,12.7,63,87
2024-06-28,3,10.0,31,836.3,NaN,6.5,59,91
2024-06-29,3,10.2,30,832.6,NaN,7.4,56,303
2024-06-30,2,10.7,11,831.4,NaN,8.7,53,250
2024-07-01,1,12.3,8,833.4,NaN,8.5,41,38
2024-07-02,3,11.4,8,833.0,NaN,12.1,45,351
2024-07-03,0,12.3,0,830.4,NaN,14.6,40,323
2024-07-04,0,8.8,0,829.4,NaN,18.7,35,217
2024-07-05,0,7.3,0,830.0,NaN,17.1,36,217
2024-07-06,0,6.3,0,830.0,NaN,15.6,37,204
2024-07-07,0,9.0,0,825.1,NaN,18.8,14,330
2024-07-08,0,4.3,0,825.2,NaN,21.2,39,226
2024-07-09,0,3.3,0,829.7,NaN,14.0,39,218
2024-07-10,0,10.2,0,831.1,NaN,12.2,14,286
2024-07-11,0,11.2,0,830.9,NaN,14.0,15,317
2024-07-12,0,11.8,0,830.4,NaN,14.2,14,332
2024-07-13,0,13.7,0,832.0,NaN,13.8,15,339
2024-07-14,0,12.4,0,831.4,NaN,13.6,21,286
2024-07-15,0,8.0,1,831.0,NaN,11.5,34,196
2024-07-16,0,10.0,0,830.3,NaN,10.2,24,253
2024-07-17,0,12.2,0,831.4,NaN,10.2,26,281
2024-07-18,0,12.9,0,831.7,NaN,13.9,24,334
2024-07-19,0,12.7,0,830.0,NaN,12.3,24,303
2024-07-20,3,10.9,46,829.4,NaN,12.1,26,213
2024-07-21,3,9.0,57,830.4,NaN,11.2,24,261
2024-07-22,3,11.5,32,831.7,NaN,12.7,33,316
2024-07-23,3,13.3,27,833.6,NaN,11.8,33,325
2024-07-24,2,12.0,6,831.3,NaN,13.4,19,224
2024-07-25,0,9.7,0,829.0,NaN,9.9,19,195
2024-07-26,0,10.7,0,828.5,NaN,12.7,41,337
2024-07-27,0,13.2,0,829.3,NaN,10.2,34,306
2024-07-28,1,9.2,3,827.9,NaN,13.7,18,217
2024-07-29,0,8.2,0,829.2,NaN,9.8,31,189
2024-07-30,3,10.0,20,828.8,NaN,12.6,31,350
2024-07-31,3,11.8,28,832.3,NaN,14.0,49,24
2024-08-01,3,11.8,21,835.1,NaN,17.4,67,14
2024-08-02,3,12.2,26,833.8,NaN,17.4,68,343
2024-08-03,1,14.6,1,833.8,NaN,8.8,46,326
2024-08-04,3,15.6,27,831.1,NaN,19.1,38,335
2024-08-05,3,10.3,26,831.0,NaN,16.1,32,183
2024-08-06,0,8.8,1,831.1,NaN,10.8,43,1
2024-08-07,0,12.3,0,831.8,NaN,10.7,40,349
2024-08-08,0,14.1,0,830.8,NaN,13.5,44,337
2024-08-09,0,15.1,0,831.0,NaN,13.1,27,265
2024-08-10,0,14.7,0,831.9,NaN,11.3,15,243
2024-08-11,3,16.4,17,830.7,NaN,14.5,11,269
2024-08-12,0,12.6,0,830.9,NaN,12.2,26,194
2024-08-13,3,13.5,44,830.7,NaN,15.3,41,331
2024-08-14,1,12.3,5,830.8,NaN,18.2,26,220
2024-08-15,1,12.5,3,834.9,NaN,7.8,25,203
2024-08-16,0,13.3,0,835.2,NaN,9.7,24,333
2024-08-17,0,13.9,0,834.3,NaN,12.1,23,319
2024-08-18,0,16.9,0,836.1,NaN,8.1,20,298
2024-08-19,0,17.0,0,837.3,NaN,10.6,14,114
2024-08-20,0,14.6,0,837.2,NaN,9.0,45,337
2024-08-21,0,15.9,0,835.1,NaN,9.7,22,294
2024-08-22,0,15.3,0,833.8,NaN,11.5,20,177
2024-08-23,3,11.9,31,835.7,NaN,15.3,61,7
2024-08-24,0,12.0,0,834.7,NaN,13.1,56,345
2024-08-25,0,14.7,0,834.0,NaN,11.3,38,333
2024-08-26,0,16.5,0,832.4,NaN,13.2,28,316
2024-08-27,0,17.4,0,830.5,NaN,13.5,15,278
2024-08-28,0,15.9,0,830.9,NaN,14.1,13,217
2024-08-29,1,13.0,2,832.7,NaN,12.6,19,149
2024-08-30,3,11.4,70,837.6,NaN,16.3,62,79
2024-08-31,1,10.5,7,838.6,NaN,12.3,60,37
2024-09-01,0,12.7,0,837.7,NaN,8.6,50,157
2024-09-02,0,16.5,0,838.0,NaN,7.6,32,134
2024-09-03,0,16.0,0,837.8,NaN,7.4,36,339
2024-09-04,2,15.9,6,835.9,NaN,10.5,38,353
2024-09-05,0,14.8,0,832.4,NaN,13.4,26,347
2024-09-06,0,17.2,0,833.1,NaN,11.3,19,343
2024-09-07,0,16.4,0,834.1,NaN,16.6,41,351
2024-09-08,3,17.7,7,832.1,NaN,14.6,32,336
2024-09-09,3,18.4,45,832.5,NaN,18.1,33,354
2024-09-10,3,13.3,20,834.1,NaN,21.0,65,17
2024-09-11,3,14.9,24,832.7,NaN,21.2,66,356
2024-09-12,3,18.8,49,833.1,NaN,16.1,44,345
2024-09-13,3,21.4,32,834.0,NaN,13.1,27,326
2024-09-14,3,22.4,36,833.4,NaN,13.9,23,344
2024-09-15,3,22.4,55,831.3,NaN,19.8,24,344
2024-09-16,53,20.2,93,832.1,NaN,15.8,39,6
2024-09-17,55,18.3,56,832.9,NaN,24.9,60,34
2024-09-18,61,17.6,43,829.6,NaN,11.8,55,284
2024-09-19,0,16.2,0,827.4,NaN,12.0,29,204
2024-09-20,61,10.9,80,829.0,NaN,21.9,65,81
2024-09-21,61,5.7,99,832.6,NaN,20.8,89,106
2024-09-22,51,9.2,74,835.4,NaN,15.9,68,82
2024-09-23,3,10.1,64,834.8,NaN,11.8,71,14
2024-09-24,3,13.8,25,832.8,NaN,15.9,59,341
2024-09-25,3,18.5,36,832.2,NaN,11.3,44,267
2024-09-26,3,19.7,26,830.9,NaN,18.6,20,255
2024-09-27,3,17.1,56,830.3,NaN,11.9,21,201
2024-09-28,55,18.6,65,828.2,NaN,17.0,43,346
2024-09-29,53,19.7,34,825.6,NaN,18.8,46,316
2024-09-30,3,11.1,13,826.3,NaN,17.8,30,207
2024-10-01,0,8.4,0,829.4,NaN,15.3,24,167
2024-10-02,0,11.7,0,834.5,NaN,10.7,38,43
2024-10-03,0,12.7,0,839.2,NaN,13.4,49,84
2024-10-04,0,12.5,0,839.9,NaN,10.9,38,80
2024-10-05,0,14.2,0,837.6,NaN,9.0,28,56
2024-10-06,3,16.0,7,833.5,NaN,9.5,32,260
2024-10-07,3,18.1,75,831.5,NaN,9.4,19,201
2024-10-08,3,18.2,40,835.9,NaN,15.2,41,55
2024-10-09,51,17.0,25,836.5,NaN,14.0,51,359
2024-10-10,51,19.6,7,835.9,NaN,8.8,40,121
2024-10-11,2,21.4,14,836.5,NaN,11.2,32,340
2024-10-12,0,23.6,2,836.3,NaN,11.5,22,146
2024-10-13,3,22.9,13,835.4,NaN,12.6,27,37
2024-10-14,51,22.9,34,831.9,NaN,12.9,31,347
2024-10-15,63,17.6,95,833.1,NaN,17.1,65,46
2024-10-16,3,13.3,67,834.5,NaN,11.1,70,30
2024-10-17,3,15.7,11,832.2,NaN,10.8,60,333
2024-10-18,3,18.6,15,828.9,NaN,12.6,43,303
2024-10-19,0,18.9,0,828.8,NaN,11.8,22,238
2024-10-20,53,18.1,41,830.2,NaN,18.4,46,10
2024-10-21,55,15.9,66,831.0,NaN,30.0,75,9
2024-10-22,63,15.9,27,830.6,NaN,21.0,64,322
2024-10-23,0,16.2,0,830.7,NaN,9.5,36,166
2024-10-24,3,17.6,21,830.8,NaN,10.6,52,21
2024-10-25,1,20.3,6,829.8,NaN,10.2,37,154
2024-10-26,3,21.6,23,828.7,NaN,17.5,41,345
2024-10-27,61,20.7,40,824.3,NaN,28.1,47,336
2024-10-28,3,16.5,54,824.2,NaN,14.1,25,229
2024-10-29,3,15.5,27,826.2,NaN,16.5,34,209
2024-10-30,0,17.2,0,829.7,NaN,11.9,34,188
2024-10-31,3,18.5,20,833.2,NaN,13.5,47,18
2024-11-01,3,20.1,18,833.9,NaN,14.2,48,348
2024-11-02,3,23.2,21,833.7,NaN,12.0,36,338
2024-11-03,3,24.8,26,834.3,NaN,14.4,29,355
2024-11-04,3,25.0,32,831.4,NaN,18.4,27,356
2024-11-05,51,21.2,48,828.4,NaN,15.7,28,291
2024-11-06,3,20.1,33,830.7,NaN,17.7,36,352
2024-11-07,63,18.3,87,834.2,NaN,18.0,70,0
2024-11-08,51,17.8,94,834.7,NaN,16.4,66,353
2024-11-09,53,16.9,99,831.5,NaN,8.8,70,328
2024-11-10,61,17.4,95,828.4,NaN,14.0,79,341
2024-11-11,3,16.5,100,829.8,NaN,13.7,80,3
2024-11-12,51,15.3,66,832.4,NaN,11.1,80,6
2024-11-13,51,17.4,45,832.1,NaN,6.0,69,96
2024-11-14,51,16.2,60,834.0,NaN,8.6,71,43
2024-11-15,63,16.0,55,833.4,NaN,8.7,72,347
2024-11-16,51,20.1,29,832.3,NaN,6.8,51,283
2024-11-17,63,20.2,44,831.7,NaN,5.5,55,46
2024-11-18,51,21.1,13,832.5,NaN,8.6,51,12
2024-11-19,51,21.8,44,834.7,NaN,8.0,43,87
2024-11-20,2,22.7,18,835.0,NaN,8.2,42,12
2024-11-21,3,23.1,42,833.9,NaN,7.8,38,305
2024-11-22,55,21.7,97,831.7,NaN,7.9,49,306
2024-11-23,3,23.5,54,832.8,NaN,6.9,41,154
2024-11-24,61,22.6,89,835.0,NaN,9.1,49,8
2024-11-25,51,22.4,71,832.9,NaN,9.6,53,1
2024-11-26,51,22.7,11,830.1,NaN,12.7,39,340
2024-11-27,63,20.7,33,826.9,NaN,15.3,50,290
2024-11-28,0,15.9,0,828.9,NaN,12.4,34,192
2024-11-29,1,16.7,4,833.4,NaN,7.9,43,238
2024-11-30,0,19.4,0,834.5,NaN,8.5,37,284
2024-12-01,2,22.9,15,832.2,NaN,10.7,27,310
2024-12-02,3,24.4,34,829.7,NaN,13.8,23,317
2024-12-03,3,25.6,24,828.8,NaN,12.6,22,333
2024-12-04,3,26.9,31,829.8,NaN,8.4,15,287
2024-12-05,51,26.2,65,830.6,NaN,11.3,22,307
2024-12-06,3,26.3,42,830.3,NaN,9.8,23,251
2024-12-07,3,25.4,51,832.6,NaN,12.3,30,4
2024-12-08,63,22.5,87,835.2,NaN,12.5,58,356
2024-12-09,51,21.7,71,835.6,NaN,8.5,58,350
2024-12-10,3,24.0,26,834.9,NaN,7.3,46,0
2024-12-11,51,24.9,65,834.4,NaN,10.0,38,350
2024-12-12,51,25.5,73,831.8,NaN,9.7,35,329
2024-12-13,53,26.2,28,830.1,NaN,9.3,30,273
2024-12-14,3,24.0,34,832.3,NaN,14.8,39,21
2024-12-15,53,21.3,51,833.0,NaN,16.9,59,348
2024-12-16,53,21.9,64,831.5,NaN,10.0,60,346
2024-12-17,63,21.2,61,831.3,NaN,9.4,67,18
2024-12-18,51,20.1,94,832.7,NaN,12.3,72,2
2024-12-19,61,18.1,81,832.9,NaN,7.4,77,38
2024-12-20,51,18.9,45,833.8,NaN,7.2,75,16
2024-12-21,53,17.9,98,833.9,NaN,10.2,84,348
2024-12-22,53,18.0,90,832.0,NaN,10.0,84,328
2024-12-23,53,18.0,99,830.1,NaN,8.1,82,306
2024-12-24,51,18.7,93,833.0,NaN,5.7,76,53
2024-12-25,53,17.7,70,835.6,NaN,8.2,80,47
2024-12-26,51,18.8,54,834.4,NaN,5.7,76,345
2024-12-27,53,19.3,75,831.8,NaN,8.5,77,323
2024-12-28,63,19.7,64,830.6,NaN,5.4,80,333
2024-12-29,61,19.9,51,831.3,NaN,5.5,77,29
2024-12-30,51,20.4,50,831.9,NaN,6.5,76,21
2024-12-31,63,19.7,92,831.4,NaN,7.9,83,330
2025-01-01,63,19.6,85,830.7,NaN,6.9,82,23
2025-01-02,53,19.7,70,831.4,NaN,5.7,77,75
2025-01-03,51,20.3,87,833.1,NaN,7.2,77,31
2025-01-04,53,20.6,79,831.7,NaN,9.3,78,2
2025-01-05,63,19.3,91,828.0,NaN,8.8,84,354
2025-01-06,61,18.3,100,827.3,NaN,8.0,90,16
2025-01-07,61,18.4,98,827.9,NaN,9.4,90,1
2025-01-08,51,19.6,98,828.0,NaN,6.0,80,342
2025-01-09,53,18.6,99,828.5,NaN,7.9,82,53
2025-01-10,61,19.4,93,829.7,NaN,6.5,82,25
2025-01-11,63,18.4,99,830.8,NaN,9.3,88,10
2025-01-12,63,18.1,99,829.8,NaN,8.8,90,350
2025-01-13,61,17.8,91,829.1,NaN,9.3,83,63
2025-01-14,51,18.7,61,826.6,NaN,10.7,82,340
2025-01-15,61,19.1,50,824.7,NaN,9.7,82,323
2025-01-16,61,18.5,46,828.5,NaN,8.3,78,32
2025-01-17,51,17.6,53,832.2,NaN,9.0,78,358
2025-01-18,51,19.3,40,832.0,NaN,4.7,74,306
2025-01-19,51,21.4,18,831.5,NaN,5.1,58,79
2025-01-20,1,22.3,2,831.7,NaN,7.8,45,117
2025-01-21,1,20.8,5,833.5,NaN,11.7,53,91
2025-01-22,1,20.4,7,833.8,NaN,10.3,53,84
2025-01-23,3,21.2,26,832.3,NaN,7.5,52,156
2025-01-24,1,22.8,11,831.2,NaN,8.1,48,167
2025-01-25,1,22.6,7,832.5,NaN,9.9,49,111
2025-01-26,0,22.9,1,832.7,NaN,8.4,44,120
2025-01-27,0,22.9,1,831.7,NaN,10.4,37,107
2025-01-28,2,21.9,6,832.1,NaN,8.8,40,76
2025-01-29,3,22.5,13,832.8,NaN,7.1,41,50
2025-01-30,51,23.3,24,831.2,NaN,8.7,43,280
2025-01-31,51,24.8,32,829.9,NaN,6.3,47,208
2025-02-01,63,23.2,49,830.4,NaN,7.4,58,338
2025-02-02,63,21.6,64,830.9,NaN,9.6,70,343
2025-02-03,53,22.2,74,832.1,NaN,4.9,66,42
2025-02-04,3,22.7,26,833.7,NaN,8.4,63,352
2025-02-05,63,22.7,38,831.5,NaN,5.6,60,286
2025-02-06,55,20.7,34,830.5,NaN,8.5,73,61
2025-02-07,61,20.0,62,833.0,NaN,10.6,71,73
2025-02-08,51,20.7,16,832.9,NaN,5.6,66,112
2025-02-09,61,22.0,35,830.9,NaN,5.6,65,129
2025-02-10,63,19.1,69,829.7,NaN,8.2,82,63
2025-02-11,65,18.1,66,830.7,NaN,7.6,84,58
2025-02-12,53,17.9,53,832.0,NaN,9.0,80,30
2025-02-13,61,17.7,88,830.9,NaN,7.3,86,10
2025-02-14,51,18.8,93,831.7,NaN,6.1,79,45
2025-02-15,61,18.1,100,831.8,NaN,6.9,85,42
2025-02-16,61,16.2,100,831.0,NaN,7.9,90,75
2025-02-17,61,15.2,100,829.5,NaN,10.1,90,89
2025-02-18,63,16.2,100,828.0,NaN,15.4,96,19
2025-02-19,63,16.3,100,828.7,NaN,12.3,95,68
2025-02-20,51,16.4,85,830.8,NaN,14.1,83,87
2025-02-21,53,17.8,54,830.0,NaN,8.7,84,24
2025-02-22,51,19.8,49,830.0,NaN,4.8,79,188
2025-02-23,63,20.0,54,830.2,NaN,7.8,81,158
2025-02-24,3,20.0,59,831.0,NaN,9.3,74,127
2025-02-25,3,20.1,29,829.5,NaN,10.0,69,146
2025-02-26,3,19.4,38,830.3,NaN,10.9,72,126
2025-02-27,51,18.8,33,830.4,NaN,6.4,75,338
2025-02-28,55,19.7,30,830.0,NaN,4.5,73,264
2025-03-01,53,18.3,90,830.1,NaN,8.2,81,344
2025-03-02,55,17.7,79,831.6,NaN,5.9,84,67
2025-03-03,63,17.0,78,832.4,NaN,7.9,88,2
2025-03-04,51,18.7,55,832.3,NaN,4.5,83,311
2025-03-05,63,19.2,41,832.6,NaN,3.1,81,272
2025-03-06,51,20.5,10,834.4,NaN,3.1,75,147
2025-03-07,51,21.8,10,835.3,NaN,5.5,61,97
2025-03-08,3,20.0,16,834.2,NaN,9.2,58,93
2025-03-09,51,18.5,17,832.6,NaN,3.8,64,4
2025-03-10,51,19.3,30,832.6,NaN,7.4,61,135
2025-03-11,53,16.9,100,833.4,NaN,9.9,80,112
2025-03-12,63,17.2,78,831.6,NaN,6.7,80,103
2025-03-13,63,16.4,51,829.2,NaN,4.6,85,259
2025-03-14,51,16.5,50,830.9,NaN,10.3,78,107
2025-03-15,53,15.7,65,833.6,NaN,9.6,78,69
2025-03-16,51,14.9,89,833.9,NaN,10.4,88,2
2025-03-17,61,14.7,70,833.6,NaN,6.6,87,344
2025-03-18,53,15.4,63,833.7,NaN,2.8,84,14
2025-03-19,63,15.1,53,834.4,NaN,4.4,86,1
2025-03-20,51,16.1,58,835.1,NaN,4.0,79,343
2025-03-21,51,17.5,80,833.7,NaN,3.8,72,239
2025-03-22,51,18.8,12,832.4,NaN,4.8,68,198
2025-03-23,53,20.1,26,832.9,NaN,3.8,64,185
2025-03-24,53,20.4,29,835.3,NaN,5.9,69,88
2025-03-25,55,20.2,40,834.4,NaN,5.0,70,240
2025-03-26,61,19.9,18,831.9,NaN,7.6,70,178
2025-03-27,63,17.5,59,832.0,NaN,7.6,81,32
2025-03-28,63,15.8,73,833.1,NaN,7.9,88,32
2025-03-29,51,17.1,31,832.5,NaN,6.5,79,306
2025-03-30,63,17.7,43,832.2,NaN,3.5,74,177
2025-03-31,51,17.1,50,833.4,NaN,8.4,80,26
2025-04-01,61,16.2,64,831.6,NaN,8.9,86,334
2025-04-02,3,17.1,68,831.7,NaN,3.8,72,76
2025-04-03,63,15.7,97,834.9,NaN,8.6,89,26
2025-04-04,61,14.2,100,833.0,NaN,14.2,95,0
2025-04-05,63,13.9,97,830.8,NaN,9.9,95,339
2025-04-06,51,15.0,97,831.9,NaN,5.1,89,28
2025-04-07,51,16.2,77,833.3,NaN,7.2,86,5
2025-04-08,51,16.8,41,832.2,NaN,5.9,82,324
2025-04-09,65,15.7,52,830.8,NaN,9.8,83,293
2025-04-10,0,14.5,0,830.4,NaN,5.1,64,196
2025-04-11,51,14.5,15,831.5,NaN,6.0,72,344
2025-04-12,51,14.9,48,832.7,NaN,5.5,80,303
2025-04-13,2,15.4,13,833.2,NaN,5.2,72,258
2025-04-14,3,16.5,25,832.7,NaN,6.4,66,292
2025-04-15,51,16.1,47,832.2,NaN,8.2,67,328
2025-04-16,53,14.1,42,831.2,NaN,7.8,80,298
2025-04-17,51,13.6,43,832.4,NaN,6.3,74,91
2025-04-18,61,12.6,97,834.7,NaN,9.2,82,43
2025-04-19,51,13.5,58,833.4,NaN,5.9,78,313
2025-04-20,3,14.0,28,830.8,NaN,5.3,72,226
2025-04-21,3,14.5,23,829.9,NaN,5.7,66,292
2025-04-22,51,15.5,28,830.7,NaN,9.7,72,339
2025-04-23,63,13.6,76,830.6,NaN,9.8,85,47
2025-04-24,63,11.9,93,830.5,NaN,11.2,93,4
2025-04-25,0,11.3,1,831.2,NaN,4.7,75,181
2025-04-26,3,12.8,21,833.0,NaN,7.4,73,134
2025-04-27,3,13.9,9,833.3,NaN,6.1,68,124
2025-04-28,3,14.0,13,833.2,NaN,6.5,77,134
2025-04-29,1,14.3,3,830.5,NaN,5.9,72,152
2025-04-30,2,14.8,10,827.6,NaN,8.8,67,270
2025-05-01,63,14.4,49,828.0,NaN,9.7,75,301
2025-05-02,3,11.0,39,828.8,NaN,8.4,70,206
2025-05-03,3,8.9,54,831.4,NaN,7.8,63,144
2025-05-04,51,10.1,59,834.5,NaN,7.8,79,356
2025-05-05,1,11.4,7,835.3,NaN,3.6,71,313
2025-05-06,0,13.3,0,836.1,NaN,2.4,67,190
2025-05-07,0,14.9,0,835.3,NaN,4.7,61,261
2025-05-08,0,15.5,0,833.8,NaN,6.3,51,179
2025-05-09,0,15.4,0,833.9,NaN,7.5,46,342
2025-05-10,0,15.1,0,833.7,NaN,9.8,55,309
2025-05-11,0,13.1,0,833.5,NaN,8.7,50,215
2025-05-12,1,11.9,4,836.2,NaN,7.1,53,354
2025-05-13,0,13.4,0,838.4,NaN,3.7,53,113
2025-05-14,3,14.1,34,837.8,NaN,5.5,54,64
2025-05-15,3,13.9,98,836.4,NaN,2.6,61,12
2025-05-16,3,14.0,26,834.4,NaN,3.0,60,322
2025-05-17,1,14.1,6,833.2,NaN,4.2,61,234
2025-05-18,3,14.8,41,832.3,NaN,6.2,53,344
2025-05-19,3,14.2,88,831.8,NaN,7.0,62,342
2025-05-20,3,14.4,36,828.5,NaN,11.3,62,327
2025-05-21,3,8.8,37,828.3,NaN,20.7,54,214
2025-05-22,0,8.6,0,836.7,NaN,9.2,60,130
2025-05-23,0,9.8,0,838.0,NaN,5.1,62,127
2025-05-24,0,10.5,0,836.3,NaN,4.9,63,13
2025-05-25,0,10.2,0,835.0,NaN,5.3,62,345
2025-05-26,0,10.6,0,833.6,NaN,4.6,55,266
2025-05-27,0,10.8,0,834.3,NaN,2.8,44,153
2025-05-28,0,11.6,0,836.8,NaN,6.6,45,337
2025-05-29,0,12.5,0,836.7,NaN,5.3,44,237
2025-05-30,0,13.1,0,836.0,NaN,11.5,40,188
2025-05-31,0,12.4,0,836.6,NaN,6.2,41,299
2025-06-01,0,12.2,0,835.4,NaN,6.4,38,222
2025-06-02,2,11.0,3,832.6,NaN,8.0,31,186
2025-06-03,0,11.4,1,831.1,NaN,6.1,40,251
2025-06-04,0,12.6,0,832.5,NaN,5.6,43,189
2025-06-05,3,10.8,30,836.0,NaN,13.3,67,5
2025-06-06,0,11.3,2,835.2,NaN,9.2,66,336
2025-06-07,0,12.1,0,832.6,NaN,8.2,65,328
2025-06-08,2,11.6,12,829.1,NaN,14.0,61,331
2025-06-09,61,7.8,48,826.4,NaN,16.7,66,312
2025-06-10,3,5.3,52,829.8,NaN,22.9,71,208
2025-06-11,0,6.6,0,832.9,NaN,8.9,67,162
2025-06-12,0,8.2,0,835.5,NaN,5.3,63,49
2025-06-13,3,8.5,17,837.3,NaN,3.4,58,88
2025-06-14,0,9.4,0,838.2,NaN,6.7,50,100
2025-06-15,3,8.4,28,837.4,NaN,5.8,67,10
2025-06-16,3,9.4,37,834.6,NaN,6.0,63,221
2025-06-17,0,10.2,0,832.0,NaN,7.4,59,200
2025-06-18,0,11.2,0,830.8,NaN,8.1,48,212
2025-06-19,0,11.9,0,831.4,NaN,6.4,48,319
2025-06-20,0,12.4,0,831.3,NaN,11.5,37,268
2025-06-21,0,9.3,0,833.1,NaN,9.4,32,174
2025-06-22,0,8.8,0,833.6,NaN,9.2,61,347
2025-06-23,0,11.6,0,832.1,NaN,9.6,46,250
2025-06-24,0,11.7,0,832.1,NaN,5.2,31,326
2025-06-25,0,10.8,0,829.6,NaN,10.7,42,345
